ticker,name,buy_date,sell_date,hold_days,quantity,buy_price,sell_price,net_pnl,gross_return,buy_conclusion_label,buy_watching_action,buy_holding_action,buy_structure_score,buy_risk_score,buy_p_continue_10d,buy_p_fail_5d,buy_breakout_quality,buy_volume_state,buy_relative_strength_label,buy_rank_score,buy_target_weight,sell_conclusion_label,sell_watching_action,sell_holding_action,sell_structure_score,sell_risk_score,sell_p_continue_10d,sell_p_fail_5d,sell_breakout_quality,sell_volume_state,sell_relative_strength_label,sell_rank_score,sell_target_weight,is_loss,buy_full_positive,buy_strong_positive,sell_still_positive,sell_became_defensive,mismatch_type
601360.SH,三六零,2025-02-11,2025-02-12,1,300,13.2,13.14,-18.0,-0.0045,defense_first,stand_aside,exit_on_invalidation,100,76,0.6925,0.3141,invalid,neutral,显著强于基准,93.25,0.0,defense_first,stand_aside,exit_on_invalidation,100,76,0.6856,0.3147,invalid,contract,显著强于基准,92.56,0.0,True,False,False,False,True,other
600570.SH,恒生电子,2025-02-11,2025-02-12,1,100,31.21,32.74,153.0,0.049,confirmation_needed,wait_for_confirmation,trim_on_failed_confirmation,100,66,0.5452,0.3031,suspicious,expand,显著强于基准,88.52,0.0,confirmation_needed,wait_for_confirmation,trim_on_failed_confirmation,100,67,0.5556,0.3038,suspicious,expand,显著强于基准,88.56,0.0,False,True,False,True,False,other
600588.SH,用友网络,2025-02-10,2025-02-13,3,300,14.51,17.38,861.0,0.1978,confirmation_needed,wait_for_confirmation,trim_on_failed_confirmation,100,74,0.5451,0.3061,suspicious,expand,显著强于基准,80.51,0.0,confirmation_needed,wait_for_confirmation,trim_on_failed_confirmation,100,72,0.5849,0.3147,suspicious,neutral,显著强于基准,86.49,0.0,False,True,False,True,False,other
600580.SH,卧龙电驱,2025-02-13,2025-02-14,1,200,25.42,24.8,-124.0,-0.0244,high_quality_continuation,buy_on_pullback,hold_above_support,100,69,0.6981,0.2164,suspicious,expand,显著强于基准,100.81,0.0,confirmation_needed,wait_for_confirmation,trim_on_failed_confirmation,100,69,0.6681,0.2201,suspicious,neutral,与基准大体同步,97.81,0.0,True,True,True,True,False,system_stayed_positive_but_loss
002558.SZ,巨人网络,2025-02-11,2025-02-14,3,300,15.02,16.05,309.0,0.0686,confirmation_needed,wait_for_confirmation,trim_on_failed_confirmation,100,68,0.585,0.3006,suspicious,contract,显著强于基准,90.5,0.0,confirmation_needed,wait_for_confirmation,trim_on_failed_confirmation,100,69,0.6088,0.3058,valid,expand,显著强于基准,91.88,0.0,False,True,False,True,False,other
600588.SH,用友网络,2025-02-14,2025-02-17,3,200,18.22,17.68,-108.0,-0.0296,confirmation_needed,wait_for_confirmation,trim_on_failed_confirmation,100,70,0.5924,0.3185,suspicious,expand,显著强于基准,89.24,0.0,defense_first,stand_aside,exit_on_invalidation,100,74,0.5898,0.3259,invalid,neutral,显著强于基准,84.98,0.0,True,True,False,False,True,buy_looked_good_then_broke
601216.SH,君正集团,2025-02-14,2025-02-17,3,800,6.26,6.05,-168.0,-0.0335,high_quality_continuation,buy_on_pullback,hold_above_support,100,70,0.6838,0.3126,suspicious,expand,显著强于基准,98.38,0.0,defense_first,stand_aside,exit_on_invalidation,100,71,0.6723,0.32,invalid,neutral,显著强于基准,96.23,0.0,True,True,True,False,True,buy_looked_good_then_broke
600120.SH,浙江东方,2025-02-13,2025-02-17,4,500,8.81,7.63,-590.0,-0.1339,high_quality_continuation,buy_on_pullback,hold_above_support,100,64,0.719,0.3212,suspicious,expand,显著强于基准,107.9,0.2,defense_first,stand_aside,exit_on_invalidation,100,86,0.6772,0.3362,invalid,neutral,略强于基准,81.72,0.0,True,True,True,False,True,buy_looked_good_then_broke
600498.SH,烽火通信,2025-02-17,2025-02-18,1,200,24.99,24.8,-38.0,-0.0076,high_quality_continuation,buy_on_pullback,hold_above_support,100,61,0.7892,0.1876,suspicious,expand,显著强于基准,117.92,0.2,high_quality_continuation,buy_on_pullback,hold_above_support,100,58,0.798,0.1892,suspicious,neutral,显著强于基准,121.8,0.2,True,True,True,True,False,system_stayed_positive_but_loss
600570.SH,恒生电子,2025-02-14,2025-02-18,4,100,34.98,32.73,-225.0,-0.0643,confirmation_needed,wait_for_confirmation,trim_on_failed_confirmation,100,69,0.5665,0.3062,suspicious,expand,显著强于基准,87.65,0.0,defense_first,stand_aside,exit_on_invalidation,96,72,0.5374,0.3165,invalid,neutral,显著强于基准,77.74,0.0,True,True,False,False,True,buy_looked_good_then_broke
002558.SZ,巨人网络,2025-02-17,2025-02-18,1,300,16.61,16.2,-123.0,-0.0247,high_quality_continuation,buy_on_pullback,hold_above_support,100,69,0.6223,0.3089,suspicious,expand,显著强于基准,93.23,0.0,confirmation_needed,wait_for_confirmation,trim_on_failed_confirmation,100,70,0.6055,0.313,suspicious,neutral,显著强于基准,90.55,0.0,True,True,True,True,False,system_stayed_positive_but_loss
601777.SH,千里科技,2025-02-18,2025-02-19,1,600,7.89,8.66,462.0,0.0976,confirmation_needed,wait_for_confirmation,trim_on_failed_confirmation,100,73,0.5993,0.2587,suspicious,expand,显著强于基准,86.93,0.0,high_quality_continuation,buy_on_pullback,hold_above_support,100,74,0.6201,0.2577,valid,expand,显著强于基准,88.01,0.0,False,True,False,True,False,other
002152.SZ,广电运通,2025-02-18,2025-02-19,1,300,13.18,14.15,291.0,0.0736,high_quality_continuation,buy_on_pullback,hold_above_support,100,56,0.8283,0.1789,suspicious,expand,显著强于基准,126.83,0.2,high_quality_continuation,buy_on_pullback,hold_above_support,100,57,0.8444,0.1807,valid,expand,显著强于基准,127.44,0.2,False,True,True,True,False,other
600050.SH,中国联通,2025-02-18,2025-02-20,2,700,6.44,6.2,-168.0,-0.0373,high_quality_continuation,buy_on_pullback,hold_above_support,100,65,0.7751,0.241,valid,expand,显著强于基准,112.51,0.2,high_quality_continuation,buy_on_pullback,hold_above_support,100,68,0.7636,0.2471,suspicious,contract,显著强于基准,108.36,0.0,True,True,True,True,False,system_stayed_positive_but_loss
600498.SH,烽火通信,2025-02-20,2025-02-21,1,100,27.38,28.62,124.0,0.0453,high_quality_continuation,buy_on_pullback,hold_above_support,100,61,0.8042,0.1959,valid,expand,显著强于基准,119.42,0.2,high_quality_continuation,buy_on_pullback,hold_above_support,100,61,0.812,0.1963,valid,neutral,显著强于基准,120.2,0.2,False,True,True,True,False,other
600183.SH,生益科技,2025-02-19,2025-02-24,5,100,33.84,32.35,-149.0,-0.044,defense_first,stand_aside,exit_on_invalidation,100,58,0.5353,0.2634,valid,neutral,显著强于基准,95.53,0.0,momentum_but_heavy_overhead,avoid_chasing,scale_out_into_strength,97,60,0.4767,0.2593,valid,expand,略强于基准,84.67,0.0,True,False,False,False,False,other
002152.SZ,广电运通,2025-02-24,2025-02-25,1,300,15.02,14.24,-234.0,-0.0519,high_quality_continuation,buy_on_pullback,hold_above_support,100,58,0.853,0.1875,valid,neutral,显著强于基准,127.3,0.2,high_quality_continuation,buy_on_pullback,hold_above_support,100,59,0.8331,0.1898,suspicious,contract,显著强于基准,124.31,0.2,True,True,True,True,False,system_stayed_positive_but_loss
000988.SZ,华工科技,2025-02-21,2025-02-25,4,100,49.26,45.36,-390.0,-0.0792,high_quality_continuation,buy_on_pullback,hold_above_support,100,59,0.6571,0.1757,valid,expand,显著强于基准,106.71,0.2,defense_first,stand_aside,exit_on_invalidation,99,71,0.6143,0.1984,invalid,contract,显著强于基准,89.43,0.0,True,True,True,False,True,buy_looked_good_then_broke
600498.SH,烽火通信,2025-02-24,2025-02-25,1,100,27.96,25.96,-200.0,-0.0715,high_quality_continuation,buy_on_pullback,hold_above_support,100,63,0.8063,0.1986,suspicious,neutral,显著强于基准,117.63,0.2,high_quality_continuation,buy_on_pullback,hold_above_support,100,70,0.8514,0.2682,suspicious,neutral,略强于基准,115.14,0.0,True,True,True,True,False,system_stayed_positive_but_loss
000818.SZ,航锦科技,2025-02-21,2025-02-26,5,100,40.82,31.54,-928.0,-0.2273,high_quality_continuation,buy_on_pullback,hold_above_support,100,72,0.7132,0.2757,suspicious,expand,显著强于基准,99.32,0.0,high_quality_continuation,buy_on_pullback,hold_above_support,100,75,0.8779,0.2385,suspicious,neutral,与基准大体同步,112.79,0.0,True,True,True,True,False,system_stayed_positive_but_loss
002085.SZ,万丰奥威,2025-02-25,2025-02-26,1,200,20.87,20.94,14.0,0.0034,defense_first,stand_aside,exit_on_invalidation,100,68,0.4761,0.2691,valid,expand,显著强于基准,79.61,0.0,defense_first,stand_aside,exit_on_invalidation,100,68,0.4698,0.2605,suspicious,neutral,显著强于基准,78.98,0.0,False,False,False,False,True,other
600100.SH,同方股份,2025-02-25,2025-02-26,1,500,9.25,9.18,-35.0,-0.0076,high_quality_continuation,buy_on_pullback,hold_above_support,100,64,0.9409,0.1883,valid,expand,显著强于基准,130.09,0.2,high_quality_continuation,buy_on_pullback,hold_above_support,100,65,0.9379,0.1906,valid,neutral,显著强于基准,128.79,0.2,True,True,True,True,False,system_stayed_positive_but_loss
601231.SH,环旭电子,2025-02-26,2025-02-27,1,200,19.55,19.26,-58.0,-0.0148,confirmation_needed,wait_for_confirmation,trim_on_failed_confirmation,100,58,0.6029,0.1644,suspicious,contract,显著强于基准,102.29,0.0,confirmation_needed,wait_for_confirmation,trim_on_failed_confirmation,100,57,0.5873,0.197,suspicious,contract,显著强于基准,101.73,0.0,True,True,False,True,False,system_stayed_positive_but_loss
601777.SH,千里科技,2025-02-26,2025-02-27,1,400,9.91,10.24,132.0,0.0333,high_quality_continuation,buy_on_pullback,hold_above_support,100,74,0.6379,0.28,suspicious,neutral,显著强于基准,89.79,0.0,high_quality_continuation,buy_on_pullback,hold_above_support,100,74,0.6413,0.2814,suspicious,neutral,显著强于基准,90.13,0.0,False,True,True,True,False,other
603659.SH,璞泰来,2025-02-27,2025-02-28,1,200,17.44,17.29,-30.0,-0.0086,high_quality_continuation,buy_on_pullback,hold_above_support,100,57,0.7603,0.2629,valid,expand,显著强于基准,119.03,0.2,high_quality_continuation,buy_on_pullback,hold_above_support,100,58,0.7473,0.2635,suspicious,neutral,显著强于基准,116.73,0.2,True,True,True,True,False,system_stayed_positive_but_loss
000887.SZ,中鼎股份,2025-02-26,2025-02-28,2,100,24.32,20.61,-292.0,-0.1525,high_quality_continuation,buy_on_pullback,hold_above_support,100,60,0.9678,0.2093,valid,expand,显著强于基准,136.78,0.2,high_quality_continuation,buy_on_pullback,hold_above_support,100,67,0.9182,0.2106,suspicious,neutral,显著强于基准,124.82,0.0,True,True,True,True,False,system_stayed_positive_but_loss
000887.SZ,中鼎股份,2025-02-27,2025-02-28,1,100,22.74,20.61,-292.0,-0.0937,high_quality_continuation,buy_on_pullback,hold_above_support,100,63,0.9484,0.2045,valid,expand,显著强于基准,131.84,0.2,high_quality_continuation,buy_on_pullback,hold_above_support,100,67,0.9182,0.2106,suspicious,neutral,显著强于基准,124.82,0.0,True,True,True,True,False,system_stayed_positive_but_loss
000932.SZ,华菱钢铁,2025-02-27,2025-03-03,4,900,4.97,4.93,-36.0,-0.008,confirmation_needed,wait_for_confirmation,trim_on_failed_confirmation,100,63,0.5602,0.2481,valid,expand,显著强于基准,93.02,0.0,confirmation_needed,wait_for_confirmation,trim_on_failed_confirmation,100,63,0.5357,0.246,suspicious,neutral,显著强于基准,90.57,0.0,True,True,False,True,False,system_stayed_positive_but_loss
002273.SZ,水晶光电,2025-02-27,2025-03-03,4,100,27.23,24.52,-271.0,-0.0995,confirmation_needed,wait_for_confirmation,trim_on_failed_confirmation,100,64,0.5896,0.2468,suspicious,neutral,显著强于基准,94.96,0.0,defense_first,stand_aside,exit_on_invalidation,77,72,0.424,0.2929,invalid,contract,与基准大体同步,47.4,0.0,True,True,False,False,True,buy_looked_good_then_broke
002709.SZ,天赐材料,2025-02-28,2025-03-03,3,200,21.03,21.91,176.0,0.0418,confirmation_needed,wait_for_confirmation,trim_on_failed_confirmation,100,66,0.5955,0.326,suspicious,expand,显著强于基准,93.55,0.0,high_quality_continuation,buy_on_pullback,hold_above_support,100,67,0.6207,0.3155,valid,expand,显著强于基准,95.07,0.0,False,True,False,True,False,other
002195.SZ,岩山科技,2025-03-07,2025-03-10,3,700,6.44,6.34,-70.0,-0.0155,high_quality_continuation,buy_on_pullback,hold_above_support,100,63,0.6207,0.1977,suspicious,expand,显著强于基准,99.07,0.2,high_quality_continuation,buy_on_pullback,hold_above_support,100,61,0.6272,0.1949,suspicious,expand,显著强于基准,101.72,0.2,True,True,True,True,False,system_stayed_positive_but_loss
300765.SZ,新诺威,2025-03-07,2025-03-11,4,100,38.78,37.35,-143.0,-0.0369,defense_first,stand_aside,exit_on_invalidation,100,75,0.6766,0.3881,suspicious,contract,显著强于基准,92.66,0.0,high_quality_continuation,buy_on_pullback,hold_above_support,100,63,0.9146,0.2518,valid,neutral,略强于基准,128.46,0.2,True,False,False,True,False,other
000807.SZ,云铝股份,2025-03-07,2025-03-11,4,200,18.58,17.99,-118.0,-0.0318,confirmation_needed,wait_for_confirmation,trim_on_failed_confirmation,100,59,0.5167,0.2889,suspicious,neutral,显著强于基准,92.67,0.0,defense_first,stand_aside,exit_on_invalidation,94,65,0.5262,0.2965,invalid,contract,略强于基准,81.62,0.0,True,True,False,False,True,buy_looked_good_then_broke
300432.SZ,富临精工,2025-03-11,2025-03-12,1,100,23.84,23.38,-46.0,-0.0193,defense_first,stand_aside,exit_on_invalidation,100,75,0.5124,0.3496,suspicious,expand,显著强于基准,76.24,0.0,defense_first,stand_aside,exit_on_invalidation,100,75,0.5133,0.3317,suspicious,neutral,显著强于基准,76.33,0.0,True,False,False,False,True,other
603799.SH,华友钴业,2025-03-11,2025-03-13,2,100,38.64,38.92,28.0,0.0072,high_quality_continuation,buy_on_pullback,hold_above_support,100,57,0.6964,0.1939,valid,neutral,显著强于基准,112.64,0.2,high_quality_continuation,buy_on_pullback,hold_above_support,100,58,0.6978,0.2,valid,neutral,显著强于基准,111.78,0.2,False,True,True,True,False,other
002155.SZ,湖南黄金,2025-03-12,2025-03-14,2,100,24.03,23.66,-37.0,-0.0154,confirmation_needed,wait_for_confirmation,trim_on_failed_confirmation,100,69,0.5436,0.3359,suspicious,neutral,显著强于基准,85.36,0.0,confirmation_needed,wait_for_confirmation,trim_on_failed_confirmation,100,70,0.5449,0.3469,suspicious,neutral,显著强于基准,84.49,0.0,True,True,False,True,False,system_stayed_positive_but_loss
600031.SH,三一重工,2025-03-07,2025-03-14,7,200,19.89,20.43,108.0,0.0271,confirmation_needed,wait_for_confirmation,trim_on_failed_confirmation,98,62,0.5732,0.3077,suspicious,contract,显著强于基准,93.32,0.0,high_quality_continuation,buy_on_pullback,hold_above_support,100,58,0.8642,0.2687,valid,neutral,略强于基准,128.42,0.2,False,True,False,True,False,other
603568.SH,伟明环保,2025-03-18,2025-03-20,2,200,22.69,21.77,-184.0,-0.0405,high_quality_continuation,buy_on_pullback,hold_above_support,100,55,0.6468,0.24,valid,expand,显著强于基准,109.68,0.2,high_quality_continuation,buy_on_pullback,hold_above_support,100,56,0.6319,0.2461,suspicious,contract,显著强于基准,107.19,0.2,True,True,True,True,False,system_stayed_positive_but_loss
000408.SZ,藏格矿业,2025-03-17,2025-03-20,3,100,36.8,36.77,-3.0,-0.0008,high_quality_continuation,buy_on_pullback,hold_above_support,100,59,0.8158,0.2427,suspicious,contract,显著强于基准,122.58,0.2,high_quality_continuation,buy_on_pullback,hold_above_support,100,60,0.7933,0.2953,suspicious,neutral,与基准大体同步,119.33,0.2,True,True,True,True,False,system_stayed_positive_but_loss
600547.SH,山东黄金,2025-03-20,2025-03-24,4,100,27.21,26.1,-111.0,-0.0408,high_quality_continuation,buy_on_pullback,hold_above_support,100,54,0.6214,0.1554,suspicious,contract,略强于基准,108.14,0.2,defense_first,stand_aside,exit_on_invalidation,86,65,0.5874,0.1888,invalid,contract,略强于基准,79.74,0.0,True,True,True,False,True,buy_looked_good_then_broke
000975.SZ,山金国际,2025-03-20,2025-03-24,4,200,18.77,18.24,-106.0,-0.0282,confirmation_needed,wait_for_confirmation,trim_on_failed_confirmation,99,60,0.5264,0.253,suspicious,neutral,略强于基准,91.64,0.0,defense_first,stand_aside,exit_on_invalidation,90,67,0.5243,0.2883,invalid,contract,显著强于基准,75.43,0.0,True,True,False,False,True,buy_looked_good_then_broke
600988.SH,赤峰黄金,2025-03-21,2025-03-24,3,200,21.23,20.86,-74.0,-0.0174,defense_first,stand_aside,exit_on_invalidation,99,67,0.4946,0.2879,invalid,contract,显著强于基准,81.46,0.0,defense_first,stand_aside,exit_on_invalidation,90,67,0.491,0.2894,invalid,contract,略强于基准,72.1,0.0,True,False,False,False,True,other
603529.SH,爱玛科技,2025-03-21,2025-03-25,4,100,45.48,44.15,-133.0,-0.0292,defense_first,stand_aside,exit_on_invalidation,100,75,0.4806,0.3635,suspicious,expand,显著强于基准,73.06,0.0,defense_first,stand_aside,exit_on_invalidation,100,67,0.7539,0.3042,invalid,contract,略强于基准,108.39,0.0,True,False,False,False,True,other
600562.SH,国睿科技,2025-05-09,2025-05-12,3,100,23.76,26.18,242.0,0.1019,high_quality_continuation,buy_on_pullback,hold_above_support,100,60,0.7711,0.1809,valid,expand,显著强于基准,117.11,0.2,high_quality_continuation,buy_on_pullback,hold_above_support,100,62,0.7865,0.1822,valid,neutral,显著强于基准,116.65,0.2,False,True,True,True,False,other
000559.SZ,万向钱潮,2025-05-13,2025-05-14,1,400,9.51,8.94,-228.0,-0.0599,confirmation_needed,wait_for_confirmation,trim_on_failed_confirmation,100,74,0.5519,0.305,suspicious,expand,显著强于基准,81.19,0.0,defense_first,stand_aside,exit_on_invalidation,100,79,0.5342,0.3115,suspicious,expand,显著强于基准,74.42,0.0,True,True,False,False,True,buy_looked_good_then_broke
002074.SZ,国轩高科,2025-05-12,2025-05-14,2,100,24.05,23.81,-24.0,-0.01,confirmation_needed,wait_for_confirmation,trim_on_failed_confirmation,100,67,0.5482,0.2929,suspicious,expand,显著强于基准,87.82,0.0,defense_first,stand_aside,exit_on_invalidation,100,68,0.532,0.3043,invalid,neutral,显著强于基准,85.2,0.0,True,True,False,False,True,buy_looked_good_then_broke
002414.SZ,高德红外,2025-05-09,2025-05-15,6,500,8.55,8.51,-20.0,-0.0047,defense_first,stand_aside,exit_on_invalidation,97,64,0.5174,0.3013,suspicious,neutral,显著强于基准,84.74,0.0,defense_first,stand_aside,exit_on_invalidation,100,64,0.8449,0.2184,invalid,contract,与基准大体同步,120.49,0.0,True,False,False,False,True,other
601919.SH,中远海控,2025-05-14,2025-05-16,2,200,16.39,15.98,-82.0,-0.025,confirmation_needed,wait_for_confirmation,trim_on_failed_confirmation,100,63,0.5346,0.2986,suspicious,expand,显著强于基准,90.46,0.0,defense_first,stand_aside,exit_on_invalidation,88,64,0.5175,0.3057,invalid,contract,显著强于基准,75.75,0.0,True,True,False,False,True,buy_looked_good_then_broke
601319.SH,中国人保,2025-05-15,2025-05-19,4,500,8.26,8.22,-20.0,-0.0048,defense_first,stand_aside,exit_on_invalidation,100,70,0.4769,0.2981,suspicious,expand,显著强于基准,77.69,0.0,defense_first,stand_aside,exit_on_invalidation,99,70,0.4634,0.3061,suspicious,contract,显著强于基准,75.34,0.0,True,False,False,False,True,other
601866.SH,中远海发,2025-05-16,2025-05-19,3,1600,2.75,2.7,-80.0,-0.0182,confirmation_needed,wait_for_confirmation,trim_on_failed_confirmation,100,69,0.5643,0.2425,suspicious,expand,显著强于基准,87.43,0.0,confirmation_needed,wait_for_confirmation,trim_on_failed_confirmation,100,68,0.579,0.243,suspicious,neutral,显著强于基准,89.9,0.0,True,True,False,True,False,system_stayed_positive_but_loss
600415.SH,小商品城,2025-05-15,2025-05-20,5,200,16.69,17.17,96.0,0.0288,defense_first,stand_aside,exit_on_invalidation,100,66,0.4711,0.3653,suspicious,contract,显著强于基准,81.11,0.0,confirmation_needed,wait_for_confirmation,trim_on_failed_confirmation,100,66,0.5891,0.3645,suspicious,neutral,显著强于基准,92.91,0.0,False,False,False,True,False,other
601018.SH,宁波港,2025-05-20,2025-05-21,1,1100,3.82,3.82,0.0,0.0,high_quality_continuation,buy_on_pullback,hold_above_support,96,63,0.7798,0.2038,valid,expand,与基准大体同步,110.98,0.2,defense_first,stand_aside,exit_on_invalidation,77,73,0.5696,0.1773,invalid,contract,与基准大体同步,60.96,0.0,False,True,True,False,True,other
600699.SH,均胜电子,2025-05-19,2025-05-21,2,200,19.31,20.06,150.0,0.0388,confirmation_needed,wait_for_confirmation,trim_on_failed_confirmation,100,69,0.5607,0.2994,suspicious,expand,显著强于基准,87.07,0.0,confirmation_needed,wait_for_confirmation,trim_on_failed_confirmation,100,71,0.5565,0.3037,suspicious,expand,显著强于基准,84.65,0.0,False,True,False,True,False,other
002456.SZ,欧菲光,2025-05-21,2025-05-22,1,300,12.83,12.56,-81.0,-0.021,defense_first,stand_aside,exit_on_invalidation,71,71,0.4195,0.3229,suspicious,expand,略强于基准,41.95,0.0,defense_first,stand_aside,exit_on_invalidation,58,71,0.3338,0.3303,invalid,contract,与基准大体同步,20.38,0.0,True,False,False,False,True,other
600699.SH,均胜电子,2025-05-22,2025-05-23,1,200,19.4,19.23,-34.0,-0.0088,defense_first,stand_aside,exit_on_invalidation,100,72,0.5375,0.3084,invalid,neutral,显著强于基准,81.75,0.0,defense_first,stand_aside,exit_on_invalidation,89,72,0.5357,0.3078,invalid,contract,显著强于基准,70.57,0.0,True,False,False,False,True,other
002080.SZ,中材科技,2025-05-19,2025-05-23,4,200,16.32,16.21,-22.0,-0.0067,high_quality_continuation,buy_on_pullback,hold_above_support,100,59,0.6296,0.2357,valid,expand,显著强于基准,103.96,0.2,defense_first,stand_aside,exit_on_invalidation,100,64,0.5871,0.2458,invalid,contract,显著强于基准,94.71,0.0,True,True,True,False,True,buy_looked_good_then_broke
002074.SZ,国轩高科,2025-05-22,2025-05-23,1,100,25.86,25.23,-63.0,-0.0244,confirmation_needed,wait_for_confirmation,trim_on_failed_confirmation,100,63,0.6159,0.1543,suspicious,expand,显著强于基准,98.59,0.0,confirmation_needed,wait_for_confirmation,trim_on_failed_confirmation,100,62,0.6086,0.1568,suspicious,neutral,显著强于基准,98.86,0.0,True,True,False,True,False,system_stayed_positive_but_loss
600418.SH,江淮汽车,2025-05-23,2025-05-26,3,100,40.84,40.58,-26.0,-0.0064,high_quality_continuation,buy_on_pullback,hold_above_support,100,57,0.6465,0.1788,valid,neutral,显著强于基准,107.65,0.2,high_quality_continuation,buy_on_pullback,hold_above_support,100,57,0.6495,0.1816,suspicious,contract,显著强于基准,107.95,0.2,True,True,True,True,False,system_stayed_positive_but_loss
600521.SH,华海药业,2025-05-26,2025-05-27,1,200,16.04,16.36,64.0,0.02,defense_first,stand_aside,exit_on_invalidation,97,66,0.4958,0.257,suspicious,neutral,略强于基准,80.58,0.0,defense_first,stand_aside,exit_on_invalidation,92,72,0.5128,0.2565,invalid,contract,略强于基准,71.28,0.0,False,False,False,False,True,other
002294.SZ,信立泰,2025-05-23,2025-05-27,4,100,45.06,43.92,-114.0,-0.0253,defense_first,stand_aside,exit_on_invalidation,100,66,0.5007,0.3122,valid,expand,显著强于基准,84.07,0.0,confirmation_needed,wait_for_confirmation,trim_on_failed_confirmation,97,65,0.4915,0.3135,suspicious,neutral,显著强于基准,81.15,0.0,True,False,False,True,False,other
603979.SH,金诚信,2025-05-27,2025-05-28,1,100,39.94,40.8,86.0,0.0215,defense_first,stand_aside,exit_on_invalidation,59,69,0.3341,0.3639,invalid,neutral,略强于基准,23.41,0.0,defense_first,stand_aside,exit_on_invalidation,67,69,0.3593,0.3642,invalid,neutral,略强于基准,33.93,0.0,False,False,False,False,True,other
601727.SH,上海电气,2025-05-27,2025-05-28,1,500,7.72,7.6,-60.0,-0.0155,high_quality_continuation,buy_on_pullback,hold_above_support,100,58,0.6415,0.1937,valid,expand,略强于基准,106.15,0.2,defense_first,stand_aside,exit_on_invalidation,65,69,0.3258,0.3234,invalid,contract,略强于基准,28.58,0.0,True,True,True,False,True,buy_looked_good_then_broke
601111.SH,中国国航,2025-05-27,2025-06-04,8,500,8.09,7.85,-120.0,-0.0297,confirmation_needed,wait_for_confirmation,trim_on_failed_confirmation,100,53,0.7687,0.188,suspicious,contract,显著强于基准,123.87,0.0,confirmation_needed,wait_for_confirmation,trim_on_failed_confirmation,84,54,0.7085,0.2278,valid,neutral,与基准大体同步,100.85,0.0,True,True,False,True,False,system_stayed_positive_but_loss
603766.SH,隆鑫通用,2025-06-06,2025-06-09,3,300,14.19,14.13,-18.0,-0.0042,confirmation_needed,wait_for_confirmation,trim_on_failed_confirmation,94,59,0.5038,0.2736,suspicious,neutral,略强于基准,85.38,0.0,defense_first,stand_aside,exit_on_invalidation,92,64,0.5154,0.2757,invalid,neutral,略强于基准,79.54,0.0,True,True,False,False,True,buy_looked_good_then_broke
002384.SZ,东山精密,2025-06-10,2025-06-11,1,100,31.29,31.34,5.0,0.0016,confirmation_needed,wait_for_confirmation,trim_on_failed_confirmation,100,62,0.5597,0.2574,suspicious,neutral,显著强于基准,93.97,0.0,defense_first,stand_aside,exit_on_invalidation,98,55,0.5955,0.2335,suspicious,contract,显著强于基准,102.55,0.0,False,True,False,False,True,other
600521.SH,华海药业,2025-06-10,2025-06-12,2,200,20.96,21.32,72.0,0.0172,high_quality_continuation,buy_on_pullback,hold_above_support,100,63,0.9382,0.2274,valid,expand,显著强于基准,130.82,0.2,high_quality_continuation,buy_on_pullback,hold_above_support,100,59,0.6457,0.1847,suspicious,contract,显著强于基准,105.57,0.2,False,True,True,True,False,other
000426.SZ,兴业银锡,2025-06-10,2025-06-16,6,200,16.33,15.96,-74.0,-0.0227,high_quality_continuation,buy_on_pullback,hold_above_support,100,63,0.6461,0.2036,valid,neutral,显著强于基准,101.61,0.2,defense_first,stand_aside,exit_on_invalidation,100,68,0.67,0.2163,invalid,neutral,与基准大体同步,99.0,0.0,True,True,True,False,True,buy_looked_good_then_broke
300450.SZ,先导智能,2025-06-25,2025-06-27,2,100,24.96,24.82,-14.0,-0.0056,high_quality_continuation,buy_on_pullback,hold_above_support,100,59,0.6691,0.249,valid,expand,显著强于基准,107.91,0.2,high_quality_continuation,buy_on_pullback,hold_above_support,100,59,0.6878,0.2431,suspicious,neutral,显著强于基准,109.78,0.2,True,True,True,True,False,system_stayed_positive_but_loss
002074.SZ,国轩高科,2025-06-25,2025-06-27,2,100,33.57,32.2,-137.0,-0.0408,defense_first,stand_aside,exit_on_invalidation,100,72,0.5158,0.3054,suspicious,expand,显著强于基准,79.58,0.0,defense_first,stand_aside,exit_on_invalidation,100,72,0.5412,0.3095,invalid,neutral,显著强于基准,82.12,0.0,True,False,False,False,True,other
603659.SH,璞泰来,2025-06-27,2025-06-30,3,200,18.73,18.77,8.0,0.0021,high_quality_continuation,buy_on_pullback,hold_above_support,100,59,0.6205,0.2355,suspicious,contract,显著强于基准,103.05,0.2,defense_first,stand_aside,exit_on_invalidation,100,58,0.6431,0.2359,suspicious,contract,显著强于基准,106.31,0.0,False,True,True,False,True,other
600415.SH,小商品城,2025-06-25,2025-06-30,5,200,21.87,20.33,-308.0,-0.0704,defense_first,stand_aside,exit_on_invalidation,100,65,0.5297,0.2681,valid,expand,显著强于基准,87.97,0.0,momentum_but_heavy_overhead,avoid_chasing,scale_out_into_strength,97,71,0.3729,0.2627,valid,expand,显著强于基准,63.29,0.0,True,False,False,False,False,other
002384.SZ,东山精密,2025-07-02,2025-07-03,1,100,39.67,43.41,374.0,0.0943,momentum_but_heavy_overhead,avoid_chasing,scale_out_into_strength,96,72,0.3834,0.3471,suspicious,neutral,显著强于基准,62.34,0.0,defense_first,stand_aside,exit_on_invalidation,100,75,0.4717,0.3395,suspicious,expand,显著强于基准,72.17,0.0,False,False,False,False,True,other
600967.SH,内蒙一机,2025-07-01,2025-07-03,2,200,19.03,16.96,-414.0,-0.1088,high_quality_continuation,buy_on_pullback,hold_above_support,100,65,0.6259,0.1717,valid,expand,显著强于基准,97.59,0.2,confirmation_needed,wait_for_confirmation,trim_on_failed_confirmation,100,69,0.5871,0.1856,suspicious,contract,显著强于基准,89.71,0.0,True,True,True,True,False,system_stayed_positive_but_loss
601168.SH,西部矿业,2025-07-03,2025-07-07,4,200,17.52,17.05,-94.0,-0.0268,high_quality_continuation,buy_on_pullback,hold_above_support,100,58,0.6333,0.195,suspicious,contract,略强于基准,105.33,0.2,defense_first,stand_aside,exit_on_invalidation,83,63,0.5911,0.2319,invalid,contract,与基准大体同步,79.11,0.0,True,True,True,False,True,buy_looked_good_then_broke
002384.SZ,东山精密,2025-07-04,2025-07-07,3,100,42.5,40.49,-201.0,-0.0473,defense_first,stand_aside,exit_on_invalidation,100,75,0.4665,0.343,suspicious,neutral,显著强于基准,71.65,0.0,defense_first,stand_aside,exit_on_invalidation,90,77,0.3592,0.3492,invalid,contract,显著强于基准,48.92,0.0,True,False,False,False,True,other
603993.SH,洛阳钼业,2025-07-03,2025-07-08,5,500,8.65,8.52,-65.0,-0.015,defense_first,stand_aside,exit_on_invalidation,87,62,0.4649,0.3219,suspicious,contract,显著强于基准,71.49,0.0,high_quality_continuation,buy_on_pullback,hold_above_support,100,50,0.8902,0.2377,suspicious,contract,与基准大体同步,139.02,0.2,True,False,False,True,False,other
002080.SZ,中材科技,2025-07-07,2025-07-08,1,100,22.84,24.28,144.0,0.063,high_quality_continuation,buy_on_pullback,hold_above_support,100,63,0.7817,0.2479,valid,neutral,显著强于基准,115.17,0.2,high_quality_continuation,buy_on_pullback,hold_above_support,100,64,0.8035,0.2498,valid,neutral,显著强于基准,116.35,0.2,False,True,True,True,False,other
002558.SZ,巨人网络,2025-07-07,2025-07-08,1,100,24.43,25.77,134.0,0.0549,high_quality_continuation,buy_on_pullback,hold_above_support,100,67,0.868,0.3173,valid,neutral,略强于基准,119.8,0.0,high_quality_continuation,buy_on_pullback,hold_above_support,100,68,0.889,0.3159,valid,neutral,显著强于基准,120.9,0.0,False,True,True,True,False,other
600673.SH,东阳光,2025-07-08,2025-07-10,2,300,13.99,13.55,-132.0,-0.0315,confirmation_needed,wait_for_confirmation,trim_on_failed_confirmation,100,60,0.6085,0.2063,valid,neutral,显著强于基准,100.85,0.0,high_quality_continuation,buy_on_pullback,hold_above_support,100,59,0.94,0.2007,suspicious,contract,显著强于基准,135.0,0.2,True,True,False,True,False,system_stayed_positive_but_loss
000959.SZ,首钢股份,2025-07-08,2025-07-10,2,1000,4.03,4.01,-13.64,-0.005,high_quality_continuation,buy_on_pullback,hold_above_support,100,62,0.6388,0.2478,suspicious,contract,显著强于基准,101.88,0.2,high_quality_continuation,buy_on_pullback,hold_above_support,100,59,0.8779,0.1857,valid,contract,显著强于基准,128.79,0.2,True,True,True,True,False,system_stayed_positive_but_loss
000959.SZ,首钢股份,2025-07-09,2025-07-10,1,100,3.96,4.01,-1.36,0.0126,high_quality_continuation,buy_on_pullback,hold_above_support,100,59,0.8476,0.1886,suspicious,contract,略强于基准,125.76,0.2,high_quality_continuation,buy_on_pullback,hold_above_support,100,59,0.8779,0.1857,valid,contract,显著强于基准,128.79,0.2,True,True,True,True,False,system_stayed_positive_but_loss
600095.SH,湘财股份,2025-07-10,2025-07-11,1,300,11.33,11.45,36.0,0.0106,confirmation_needed,wait_for_confirmation,trim_on_failed_confirmation,100,62,0.5882,0.1823,suspicious,neutral,显著强于基准,96.82,0.0,confirmation_needed,wait_for_confirmation,trim_on_failed_confirmation,100,62,0.5889,0.1916,suspicious,neutral,显著强于基准,96.89,0.0,False,True,False,True,False,other
002080.SZ,中材科技,2025-07-11,2025-07-14,3,100,23.78,24.11,33.0,0.0139,high_quality_continuation,buy_on_pullback,hold_above_support,100,66,0.7971,0.2657,valid,neutral,显著强于基准,113.71,0.0,high_quality_continuation,buy_on_pullback,hold_above_support,100,65,0.7941,0.283,suspicious,contract,显著强于基准,114.41,0.2,False,True,True,True,False,other
601696.SH,中银证券,2025-07-14,2025-07-15,1,300,13.02,12.42,-180.0,-0.0461,momentum_but_heavy_overhead,avoid_chasing,scale_out_into_strength,100,68,0.5007,0.2377,suspicious,expand,显著强于基准,82.07,0.0,defense_first,stand_aside,exit_on_invalidation,100,69,0.4858,0.2439,suspicious,neutral,显著强于基准,79.58,0.0,True,False,False,False,True,other
002558.SZ,巨人网络,2025-07-10,2025-07-15,5,100,26.44,25.8,-64.0,-0.0242,high_quality_continuation,buy_on_pullback,hold_above_support,100,68,0.8839,0.3106,suspicious,neutral,显著强于基准,120.39,0.0,high_quality_continuation,buy_on_pullback,hold_above_support,100,64,0.8529,0.3213,valid,neutral,与基准大体同步,121.29,0.2,True,True,True,True,False,system_stayed_positive_but_loss
000932.SZ,华菱钢铁,2025-07-08,2025-07-16,8,800,5.21,5.09,-96.0,-0.023,high_quality_continuation,buy_on_pullback,hold_above_support,100,59,0.6651,0.2494,suspicious,contract,显著强于基准,107.51,0.2,high_quality_continuation,buy_on_pullback,hold_above_support,86,58,0.7055,0.3063,suspicious,expand,与基准大体同步,98.55,0.2,True,True,True,True,False,system_stayed_positive_but_loss
002938.SZ,鹏鼎控股,2025-07-16,2025-07-17,1,100,41.82,45.89,407.0,0.0973,high_quality_continuation,buy_on_pullback,hold_above_support,100,69,0.6222,0.2816,suspicious,neutral,显著强于基准,93.22,0.0,high_quality_continuation,buy_on_pullback,hold_above_support,100,69,0.6368,0.2872,suspicious,neutral,显著强于基准,94.68,0.0,False,True,True,True,False,other
600606.SH,绿地控股,2025-07-15,2025-07-17,2,1900,2.24,1.97,-513.0,-0.1205,high_quality_continuation,buy_on_pullback,hold_above_support,100,67,0.6723,0.2426,valid,expand,显著强于基准,100.23,0.0,defense_first,stand_aside,exit_on_invalidation,100,81,0.6218,0.2554,invalid,contract,显著强于基准,81.18,0.0,True,True,True,False,True,buy_looked_good_then_broke
600588.SH,用友网络,2025-07-17,2025-07-18,1,300,14.25,14.31,18.0,0.0042,defense_first,stand_aside,exit_on_invalidation,90,70,0.462,0.3179,suspicious,neutral,略强于基准,66.2,0.0,defense_first,stand_aside,exit_on_invalidation,87,70,0.4727,0.3139,suspicious,neutral,显著强于基准,64.27,0.0,False,False,False,False,True,other
002080.SZ,中材科技,2025-07-18,2025-07-21,3,100,25.74,28.41,267.0,0.1037,high_quality_continuation,buy_on_pullback,hold_above_support,100,64,0.7885,0.3084,valid,neutral,显著强于基准,114.85,0.2,high_quality_continuation,buy_on_pullback,hold_above_support,100,67,0.8,0.2967,valid,expand,显著强于基准,113.0,0.0,False,True,True,True,False,other
300383.SZ,光环新网,2025-07-18,2025-07-21,3,200,15.67,15.32,-70.0,-0.0223,defense_first,stand_aside,exit_on_invalidation,100,67,0.6165,0.2424,invalid,contract,显著强于基准,94.65,0.0,defense_first,stand_aside,exit_on_invalidation,100,68,0.8885,0.2028,invalid,contract,略强于基准,120.85,0.0,True,False,False,False,True,other
002444.SZ,巨星科技,2025-07-15,2025-07-21,6,100,32.32,30.71,-161.0,-0.0498,defense_first,stand_aside,exit_on_invalidation,100,71,0.4977,0.3023,suspicious,neutral,显著强于基准,78.77,0.0,high_quality_continuation,buy_on_pullback,hold_above_support,100,56,0.9322,0.2295,suspicious,neutral,与基准大体同步,137.22,0.2,True,False,False,True,False,other
600111.SH,北方稀土,2025-07-21,2025-07-23,2,100,35.01,34.95,-6.0,-0.0017,high_quality_continuation,buy_on_pullback,hold_above_support,100,62,0.9475,0.1821,valid,expand,显著强于基准,132.75,0.2,high_quality_continuation,buy_on_pullback,hold_above_support,100,65,0.6278,0.161,valid,neutral,显著强于基准,97.78,0.2,True,True,True,True,False,system_stayed_positive_but_loss
002080.SZ,中材科技,2025-07-22,2025-07-23,1,100,28.14,27.79,-35.0,-0.0124,high_quality_continuation,buy_on_pullback,hold_above_support,100,66,0.7996,0.2893,valid,expand,显著强于基准,113.96,0.0,high_quality_continuation,buy_on_pullback,hold_above_support,100,67,0.7891,0.2856,valid,neutral,显著强于基准,111.91,0.0,True,True,True,True,False,system_stayed_positive_but_loss
600967.SH,内蒙一机,2025-07-22,2025-07-23,1,200,19.82,19.13,-138.0,-0.0348,defense_first,stand_aside,exit_on_invalidation,100,71,0.4491,0.3937,suspicious,expand,显著强于基准,73.91,0.0,defense_first,stand_aside,exit_on_invalidation,100,72,0.335,0.3912,invalid,neutral,显著强于基准,61.5,0.0,True,False,False,False,True,other
000425.SZ,徐工机械,2025-07-23,2025-07-24,1,400,8.73,8.76,12.0,0.0034,confirmation_needed,wait_for_confirmation,trim_on_failed_confirmation,83,57,0.4991,0.1943,suspicious,expand,略强于基准,75.91,0.0,defense_first,stand_aside,exit_on_invalidation,84,67,0.5032,0.1946,invalid,neutral,略强于基准,67.32,0.0,False,True,False,False,True,other
000932.SZ,华菱钢铁,2025-07-23,2025-07-24,1,700,5.73,5.73,0.0,0.0,confirmation_needed,wait_for_confirmation,trim_on_failed_confirmation,100,64,0.5494,0.2536,valid,expand,显著强于基准,90.94,0.0,defense_first,stand_aside,exit_on_invalidation,100,67,0.5487,0.2559,invalid,contract,显著强于基准,87.87,0.0,False,True,False,False,True,other
000877.SZ,天山股份,2025-07-23,2025-07-24,1,700,5.69,5.77,56.0,0.0141,confirmation_needed,wait_for_confirmation,trim_on_failed_confirmation,100,65,0.5897,0.1536,suspicious,expand,显著强于基准,93.97,0.0,confirmation_needed,wait_for_confirmation,trim_on_failed_confirmation,100,65,0.6028,0.1529,suspicious,expand,显著强于基准,95.28,0.0,False,True,False,True,False,other
600392.SH,盛和资源,2025-07-24,2025-07-25,1,200,20.93,21.93,200.0,0.0478,confirmation_needed,wait_for_confirmation,trim_on_failed_confirmation,100,69,0.605,0.3181,suspicious,neutral,显著强于基准,91.5,0.0,confirmation_needed,wait_for_confirmation,trim_on_failed_confirmation,100,68,0.6106,0.3185,suspicious,neutral,显著强于基准,93.06,0.0,False,True,False,True,False,other
600875.SH,东方电气,2025-07-24,2025-07-25,1,100,23.25,20.93,-232.0,-0.0998,confirmation_needed,wait_for_confirmation,trim_on_failed_confirmation,100,64,0.5813,0.1754,suspicious,expand,显著强于基准,94.13,0.0,confirmation_needed,wait_for_confirmation,trim_on_failed_confirmation,100,69,0.5431,0.1836,suspicious,expand,显著强于基准,85.31,0.0,True,True,False,True,False,system_stayed_positive_but_loss
600010.SH,包钢股份,2025-07-25,2025-07-28,3,1700,2.48,2.5,34.0,0.0081,high_quality_continuation,buy_on_pullback,hold_above_support,100,62,0.6239,0.167,valid,expand,显著强于基准,100.39,0.2,high_quality_continuation,buy_on_pullback,hold_above_support,100,62,0.628,0.1672,valid,neutral,显著强于基准,100.8,0.2,False,True,True,True,False,other
600111.SH,北方稀土,2025-07-25,2025-07-28,3,100,38.18,39.94,176.0,0.0461,high_quality_continuation,buy_on_pullback,hold_above_support,100,62,0.6451,0.1663,valid,neutral,显著强于基准,102.51,0.2,high_quality_continuation,buy_on_pullback,hold_above_support,100,62,0.6507,0.1676,valid,neutral,显著强于基准,103.07,0.2,False,True,True,True,False,other
002466.SZ,天齐锂业,2025-07-28,2025-07-29,1,100,40.79,40.35,-44.0,-0.0108,high_quality_continuation,buy_on_pullback,hold_above_support,100,61,0.6748,0.1789,suspicious,neutral,显著强于基准,106.48,0.2,high_quality_continuation,buy_on_pullback,hold_above_support,100,61,0.6745,0.18,suspicious,contract,显著强于基准,106.45,0.2,True,True,True,True,False,system_stayed_positive_but_loss
600549.SH,厦门钨业,2025-07-28,2025-07-30,2,100,25.14,24.0,-114.0,-0.0453,confirmation_needed,wait_for_confirmation,trim_on_failed_confirmation,100,61,0.5139,0.2458,suspicious,neutral,显著强于基准,90.39,0.0,defense_first,stand_aside,exit_on_invalidation,85,66,0.3933,0.257,invalid,neutral,略强于基准,58.33,0.0,True,True,False,False,True,buy_looked_good_then_broke
601696.SH,中银证券,2025-07-30,2025-07-31,1,200,16.13,15.14,-198.0,-0.0614,confirmation_needed,wait_for_confirmation,trim_on_failed_confirmation,100,68,0.6165,0.1819,suspicious,neutral,显著强于基准,93.65,0.0,confirmation_needed,wait_for_confirmation,trim_on_failed_confirmation,100,69,0.5902,0.1935,suspicious,neutral,显著强于基准,90.02,0.0,True,True,False,True,False,system_stayed_positive_but_loss
000776.SZ,广发证券,2025-07-25,2025-07-31,6,200,19.93,19.11,-164.0,-0.0411,confirmation_needed,wait_for_confirmation,trim_on_failed_confirmation,100,60,0.5921,0.2467,suspicious,contract,显著强于基准,99.21,0.0,high_quality_continuation,buy_on_pullback,hold_above_support,100,59,0.8252,0.2889,suspicious,expand,与基准大体同步,123.52,0.2,True,True,False,True,False,system_stayed_positive_but_loss
601138.SH,工业富联,2025-07-30,2025-08-01,2,100,33.12,32.84,36.0,-0.0085,confirmation_needed,wait_for_confirmation,trim_on_failed_confirmation,100,64,0.5688,0.272,valid,neutral,显著强于基准,92.88,0.0,confirmation_needed,wait_for_confirmation,trim_on_failed_confirmation,100,66,0.5437,0.2532,suspicious,neutral,显著强于基准,88.37,0.0,False,True,False,True,False,other
600111.SH,北方稀土,2025-07-29,2025-08-01,3,100,39.47,36.0,-347.0,-0.0879,high_quality_continuation,buy_on_pullback,hold_above_support,100,62,0.6477,0.1806,suspicious,contract,显著强于基准,102.77,0.2,high_quality_continuation,buy_on_pullback,hold_above_support,100,61,0.9089,0.2475,suspicious,neutral,与基准大体同步,129.89,0.2,True,True,True,True,False,system_stayed_positive_but_loss
600010.SH,包钢股份,2025-07-31,2025-08-01,1,1500,2.68,2.53,-225.0,-0.056,confirmation_needed,wait_for_confirmation,trim_on_failed_confirmation,100,66,0.6134,0.1725,valid,neutral,显著强于基准,95.34,0.0,defense_first,stand_aside,exit_on_invalidation,100,79,0.5885,0.1842,invalid,neutral,显著强于基准,79.85,0.0,True,True,False,False,True,buy_looked_good_then_broke
600183.SH,生益科技,2025-08-01,2025-08-04,3,100,40.76,40.93,17.0,0.0042,high_quality_continuation,buy_on_pullback,hold_above_support,100,55,0.9574,0.213,valid,neutral,显著强于基准,140.74,0.2,high_quality_continuation,buy_on_pullback,hold_above_support,100,54,0.9434,0.2132,valid,neutral,略强于基准,140.34,0.2,False,True,True,True,False,other
002837.SZ,英维克,2025-08-01,2025-08-04,3,100,41.13,41.91,78.0,0.019,confirmation_needed,wait_for_confirmation,trim_on_failed_confirmation,100,64,0.5535,0.1818,valid,expand,显著强于基准,91.35,0.0,confirmation_needed,wait_for_confirmation,trim_on_failed_confirmation,100,63,0.5625,0.1824,valid,expand,显著强于基准,93.25,0.0,False,True,False,True,False,other
600588.SH,用友网络,2025-08-01,2025-08-04,3,200,15.81,15.99,36.0,0.0114,confirmation_needed,wait_for_confirmation,trim_on_failed_confirmation,100,58,0.6009,0.1701,valid,expand,显著强于基准,102.09,0.0,confirmation_needed,wait_for_confirmation,trim_on_failed_confirmation,100,58,0.6054,0.1616,valid,neutral,显著强于基准,102.54,0.0,False,True,False,True,False,other
002837.SZ,英维克,2025-08-05,2025-08-06,1,100,41.01,42.87,186.0,0.0454,confirmation_needed,wait_for_confirmation,trim_on_failed_confirmation,100,62,0.5519,0.1838,valid,neutral,显著强于基准,93.19,0.0,confirmation_needed,wait_for_confirmation,trim_on_failed_confirmation,100,62,0.5646,0.1864,valid,neutral,显著强于基准,94.46,0.0,False,True,False,True,False,other
600588.SH,用友网络,2025-08-05,2025-08-06,1,200,15.74,15.57,-34.0,-0.0108,confirmation_needed,wait_for_confirmation,trim_on_failed_confirmation,100,58,0.5823,0.1739,suspicious,contract,显著强于基准,100.23,0.0,confirmation_needed,wait_for_confirmation,trim_on_failed_confirmation,100,58,0.5803,0.1768,suspicious,contract,显著强于基准,100.03,0.0,True,True,False,True,False,system_stayed_positive_but_loss
601138.SH,工业富联,2025-08-06,2025-08-07,1,100,34.18,35.6,142.0,0.0415,high_quality_continuation,buy_on_pullback,hold_above_support,100,56,0.9178,0.2126,suspicious,contract,显著强于基准,135.78,0.2,high_quality_continuation,buy_on_pullback,hold_above_support,100,55,0.9266,0.2238,valid,expand,略强于基准,137.66,0.2,False,True,True,True,False,other
600895.SH,张江高科,2025-08-08,2025-08-11,3,100,34.77,34.6,-17.0,-0.0049,high_quality_continuation,buy_on_pullback,hold_above_support,100,61,0.9274,0.2115,suspicious,neutral,显著强于基准,131.74,0.2,high_quality_continuation,buy_on_pullback,hold_above_support,100,60,0.9387,0.2117,valid,contract,显著强于基准,133.87,0.2,True,True,True,True,False,system_stayed_positive_but_loss
002414.SZ,高德红外,2025-08-08,2025-08-11,3,300,13.2,13.12,-24.0,-0.0061,confirmation_needed,wait_for_confirmation,trim_on_failed_confirmation,100,58,0.6112,0.1533,valid,neutral,显著强于基准,103.12,0.0,confirmation_needed,wait_for_confirmation,trim_on_failed_confirmation,100,58,0.6194,0.1531,suspicious,contract,显著强于基准,103.94,0.0,True,True,False,True,False,system_stayed_positive_but_loss
600021.SH,上海电力,2025-08-11,2025-08-12,1,400,10.5,10.91,164.0,0.039,confirmation_needed,wait_for_confirmation,trim_on_failed_confirmation,100,62,0.5621,0.2709,suspicious,neutral,显著强于基准,94.21,0.0,confirmation_needed,wait_for_confirmation,trim_on_failed_confirmation,100,62,0.6153,0.2447,valid,neutral,显著强于基准,99.53,0.0,False,True,False,True,False,other
002558.SZ,巨人网络,2025-08-06,2025-08-12,6,100,28.07,28.45,38.0,0.0135,momentum_but_heavy_overhead,avoid_chasing,scale_out_into_strength,97,65,0.2614,0.2979,suspicious,neutral,略强于基准,58.14,0.0,defense_first,stand_aside,exit_on_invalidation,87,71,0.329,0.3097,invalid,neutral,略强于基准,48.9,0.0,False,False,False,False,True,other
600143.SH,金发科技,2025-08-12,2025-08-13,1,200,14.76,15.19,86.0,0.0291,confirmation_needed,wait_for_confirmation,trim_on_failed_confirmation,100,62,0.5746,0.1915,valid,expand,显著强于基准,95.46,0.0,confirmation_needed,wait_for_confirmation,trim_on_failed_confirmation,100,61,0.5759,0.1939,valid,expand,显著强于基准,96.59,0.0,False,True,False,True,False,other
002008.SZ,大族激光,2025-08-12,2025-08-15,3,100,34.99,34.3,-69.0,-0.0197,confirmation_needed,wait_for_confirmation,trim_on_failed_confirmation,100,62,0.5832,0.1812,valid,expand,显著强于基准,96.32,0.0,confirmation_needed,wait_for_confirmation,trim_on_failed_confirmation,100,61,0.5794,0.1829,suspicious,contract,显著强于基准,96.94,0.0,True,True,False,True,False,system_stayed_positive_but_loss
603993.SH,洛阳钼业,2025-08-15,2025-08-19,4,300,11.12,10.83,-87.0,-0.0261,defense_first,stand_aside,exit_on_invalidation,100,61,0.5307,0.28,valid,expand,显著强于基准,92.07,0.0,defense_first,stand_aside,exit_on_invalidation,100,66,0.5005,0.2543,invalid,neutral,显著强于基准,84.05,0.0,True,False,False,False,True,other
600208.SH,衢州发展,2025-08-18,2025-08-19,1,700,5.31,5.52,147.0,0.0395,high_quality_continuation,buy_on_pullback,hold_above_support,100,62,0.9848,0.2215,valid,expand,显著强于基准,136.48,0.2,high_quality_continuation,buy_on_pullback,hold_above_support,100,61,0.9871,0.1995,valid,expand,显著强于基准,137.71,0.2,False,True,True,True,False,other
002939.SZ,长城证券,2025-08-19,2025-08-21,2,300,13.76,11.97,-537.0,-0.1301,confirmation_needed,wait_for_confirmation,trim_on_failed_confirmation,100,64,0.6066,0.1499,valid,expand,显著强于基准,96.66,0.0,confirmation_needed,wait_for_confirmation,trim_on_failed_confirmation,100,69,0.5616,0.1642,suspicious,neutral,显著强于基准,87.16,0.0,True,True,False,True,False,system_stayed_positive_but_loss
002600.SZ,领益智造,2025-08-20,2025-08-22,2,300,13.06,12.24,-246.0,-0.0628,high_quality_continuation,buy_on_pullback,hold_above_support,100,62,0.951,0.1787,valid,expand,显著强于基准,133.1,0.2,high_quality_continuation,buy_on_pullback,hold_above_support,100,65,0.9299,0.1849,suspicious,contract,显著强于基准,127.99,0.2,True,True,True,True,False,system_stayed_positive_but_loss
002241.SZ,歌尔股份,2025-08-19,2025-08-25,6,100,28.24,30.88,264.0,0.0935,confirmation_needed,wait_for_confirmation,trim_on_failed_confirmation,100,65,0.5658,0.2436,suspicious,neutral,显著强于基准,91.58,0.0,high_quality_continuation,buy_on_pullback,hold_above_support,100,63,0.6304,0.2485,valid,neutral,显著强于基准,100.04,0.2,False,True,False,True,False,other
601633.SH,长城汽车,2025-08-22,2025-08-28,6,100,25.89,25.49,-40.0,-0.0154,high_quality_continuation,buy_on_pullback,hold_above_support,100,54,0.7334,0.187,valid,contract,略强于基准,119.34,0.2,high_quality_continuation,buy_on_pullback,hold_above_support,100,56,0.7297,0.2277,suspicious,neutral,与基准大体同步,116.97,0.2,True,True,True,True,False,system_stayed_positive_but_loss
002050.SZ,三花智控,2025-08-22,2025-08-28,6,100,30.87,31.61,74.0,0.024,high_quality_continuation,buy_on_pullback,hold_above_support,100,53,0.8638,0.1903,valid,contract,略强于基准,133.38,0.2,high_quality_continuation,buy_on_pullback,hold_above_support,100,53,0.8947,0.2174,valid,neutral,与基准大体同步,136.47,0.2,False,True,True,True,False,other
002241.SZ,歌尔股份,2025-08-27,2025-08-28,1,100,34.54,34.73,19.0,0.0055,high_quality_continuation,buy_on_pullback,hold_above_support,100,65,0.6638,0.2479,valid,expand,显著强于基准,101.38,0.2,high_quality_continuation,buy_on_pullback,hold_above_support,100,65,0.6734,0.2499,suspicious,neutral,显著强于基准,102.34,0.2,False,True,True,True,False,other
600160.SH,巨化股份,2025-08-27,2025-08-28,1,100,36.19,36.15,-4.0,-0.0011,high_quality_continuation,buy_on_pullback,hold_above_support,100,55,0.9819,0.1819,valid,neutral,显著强于基准,143.19,0.2,high_quality_continuation,buy_on_pullback,hold_above_support,100,54,0.9847,0.1792,valid,neutral,显著强于基准,144.47,0.2,True,True,True,True,False,system_stayed_positive_but_loss
600021.SH,上海电力,2025-08-28,2025-08-29,1,200,14.79,15.17,76.0,0.0257,high_quality_continuation,buy_on_pullback,hold_above_support,100,68,0.8924,0.2839,valid,expand,显著强于基准,121.24,0.0,high_quality_continuation,buy_on_pullback,hold_above_support,100,66,0.9052,0.2846,valid,neutral,显著强于基准,124.52,0.0,False,True,True,True,False,other
002241.SZ,歌尔股份,2025-09-01,2025-09-02,1,100,35.42,33.16,-226.0,-0.0638,high_quality_continuation,buy_on_pullback,hold_above_support,100,65,0.668,0.269,suspicious,neutral,显著强于基准,101.8,0.2,defense_first,stand_aside,exit_on_invalidation,99,73,0.6114,0.2826,invalid,neutral,与基准大体同步,87.14,0.0,True,True,True,False,True,buy_looked_good_then_broke
600160.SH,巨化股份,2025-09-01,2025-09-03,2,100,39.0,36.29,-271.0,-0.0695,high_quality_continuation,buy_on_pullback,hold_above_support,100,55,0.9887,0.1906,valid,neutral,显著强于基准,143.87,0.2,high_quality_continuation,buy_on_pullback,hold_above_support,100,58,0.9336,0.207,suspicious,contract,略强于基准,135.36,0.2,True,True,True,True,False,system_stayed_positive_but_loss
603993.SH,洛阳钼业,2025-09-03,2025-09-04,1,300,13.57,12.51,-318.0,-0.0781,high_quality_continuation,buy_on_pullback,hold_above_support,100,59,0.9649,0.2053,valid,neutral,显著强于基准,137.49,0.2,high_quality_continuation,buy_on_pullback,hold_above_support,100,64,0.9203,0.1997,valid,expand,显著强于基准,128.03,0.2,True,True,True,True,False,system_stayed_positive_but_loss
600021.SH,上海电力,2025-09-03,2025-09-04,1,200,18.93,18.81,-24.0,-0.0063,high_quality_continuation,buy_on_pullback,hold_above_support,100,67,0.914,0.3042,valid,expand,显著强于基准,124.4,0.0,high_quality_continuation,buy_on_pullback,hold_above_support,100,68,0.9083,0.313,valid,expand,显著强于基准,122.83,0.0,True,True,True,True,False,system_stayed_positive_but_loss
600673.SH,东阳光,2025-09-01,2025-09-05,4,100,24.39,24.94,55.0,0.0226,confirmation_needed,wait_for_confirmation,trim_on_failed_confirmation,100,74,0.5946,0.3493,suspicious,expand,显著强于基准,85.46,0.0,confirmation_needed,wait_for_confirmation,trim_on_failed_confirmation,100,80,0.5693,0.3556,suspicious,expand,显著强于基准,76.93,0.0,False,True,False,True,False,other
002558.SZ,巨人网络,2025-09-04,2025-09-05,1,100,35.14,38.17,303.0,0.0862,high_quality_continuation,buy_on_pullback,hold_above_support,100,65,0.7719,0.3036,valid,neutral,显著强于基准,112.19,0.2,high_quality_continuation,buy_on_pullback,hold_above_support,100,68,0.7946,0.2933,suspicious,neutral,显著强于基准,111.46,0.0,False,True,True,True,False,other
000564.SZ,供销大集,2025-09-05,2025-09-08,3,1500,2.69,2.63,-90.0,-0.0223,confirmation_needed,wait_for_confirmation,trim_on_failed_confirmation,100,69,0.5691,0.2639,valid,neutral,显著强于基准,87.91,0.0,defense_first,stand_aside,exit_on_invalidation,100,74,0.5509,0.2691,invalid,contract,略强于基准,81.09,0.0,True,True,False,False,True,buy_looked_good_then_broke
600143.SH,金发科技,2025-09-09,2025-09-10,1,200,18.34,17.54,-160.0,-0.0436,defense_first,stand_aside,exit_on_invalidation,100,66,0.4537,0.2485,suspicious,neutral,显著强于基准,79.37,0.0,defense_first,stand_aside,exit_on_invalidation,91,70,0.3326,0.2631,invalid,contract,显著强于基准,54.26,0.0,True,False,False,False,True,other
002709.SZ,天赐材料,2025-09-09,2025-09-10,1,100,28.98,27.75,-123.0,-0.0424,confirmation_needed,wait_for_confirmation,trim_on_failed_confirmation,100,72,0.5625,0.3066,suspicious,expand,显著强于基准,84.25,0.0,defense_first,stand_aside,exit_on_invalidation,100,73,0.5514,0.3091,invalid,neutral,显著强于基准,82.14,0.0,True,True,False,False,True,buy_looked_good_then_broke
002459.SZ,晶澳科技,2025-09-05,2025-09-10,5,200,14.06,13.23,-132.0,-0.059,high_quality_continuation,buy_on_pullback,hold_above_support,100,63,0.7347,0.2511,valid,expand,显著强于基准,110.47,0.2,defense_first,stand_aside,exit_on_invalidation,100,70,0.6505,0.1701,invalid,contract,显著强于基准,95.05,0.0,True,True,True,False,True,buy_looked_good_then_broke
002459.SZ,晶澳科技,2025-09-09,2025-09-10,1,100,13.55,13.23,-66.0,-0.0236,high_quality_continuation,buy_on_pullback,hold_above_support,100,60,0.6801,0.1617,suspicious,contract,显著强于基准,108.01,0.2,defense_first,stand_aside,exit_on_invalidation,100,70,0.6505,0.1701,invalid,contract,显著强于基准,95.05,0.0,True,True,True,False,True,buy_looked_good_then_broke
603659.SH,璞泰来,2025-09-10,2025-09-11,1,100,26.46,26.58,12.0,0.0045,high_quality_continuation,buy_on_pullback,hold_above_support,100,70,0.6313,0.2564,suspicious,neutral,显著强于基准,93.13,0.0,high_quality_continuation,buy_on_pullback,hold_above_support,100,69,0.6396,0.2576,suspicious,contract,显著强于基准,94.96,0.0,False,True,True,True,False,other
002555.SZ,三七互娱,2025-09-10,2025-09-11,1,100,22.31,22.16,-15.0,-0.0067,high_quality_continuation,buy_on_pullback,hold_above_support,100,57,0.954,0.1927,valid,neutral,显著强于基准,138.4,0.2,high_quality_continuation,buy_on_pullback,hold_above_support,100,57,0.9567,0.196,valid,neutral,显著强于基准,138.67,0.2,True,True,True,True,False,system_stayed_positive_but_loss
600021.SH,上海电力,2025-09-08,2025-09-11,3,100,21.99,21.95,-4.0,-0.0018,high_quality_continuation,buy_on_pullback,hold_above_support,100,70,0.918,0.3017,valid,expand,显著强于基准,121.8,0.0,high_quality_continuation,buy_on_pullback,hold_above_support,100,73,0.8955,0.3189,valid,expand,显著强于基准,116.55,0.0,True,True,True,True,False,system_stayed_positive_but_loss
600489.SH,中金黄金,2025-09-11,2025-09-12,1,200,19.0,19.3,60.0,0.0158,high_quality_continuation,buy_on_pullback,hold_above_support,100,59,0.9467,0.215,valid,contract,显著强于基准,135.67,0.2,high_quality_continuation,buy_on_pullback,hold_above_support,100,58,0.9548,0.2167,valid,neutral,显著强于基准,137.48,0.2,False,True,True,True,False,other
601872.SH,招商轮船,2025-09-16,2025-09-17,1,400,8.79,8.89,40.0,0.0114,high_quality_continuation,buy_on_pullback,hold_above_support,100,60,0.6279,0.1715,suspicious,neutral,显著强于基准,102.79,0.2,high_quality_continuation,buy_on_pullback,hold_above_support,100,60,0.6348,0.1839,suspicious,contract,显著强于基准,103.48,0.2,False,True,True,True,False,other
600795.SH,国电电力,2025-09-11,2025-09-19,8,700,5.19,5.04,-105.0,-0.0289,momentum_but_heavy_overhead,avoid_chasing,scale_out_into_strength,71,63,0.3592,0.3729,suspicious,neutral,略强于基准,43.92,0.0,defense_first,stand_aside,exit_on_invalidation,87,60,0.7639,0.3256,invalid,contract,与基准大体同步,103.39,0.0,True,False,False,False,True,other
600699.SH,均胜电子,2025-09-19,2025-09-22,3,100,37.07,36.65,-42.0,-0.0113,high_quality_continuation,buy_on_pullback,hold_above_support,100,66,0.7418,0.2044,valid,expand,显著强于基准,108.18,0.0,high_quality_continuation,buy_on_pullback,hold_above_support,100,66,0.7443,0.2024,valid,expand,显著强于基准,108.43,0.0,True,True,True,True,False,system_stayed_positive_but_loss
002202.SZ,金风科技,2025-09-22,2025-09-23,1,200,13.55,13.15,-80.0,-0.0295,confirmation_needed,wait_for_confirmation,trim_on_failed_confirmation,100,62,0.5797,0.2922,suspicious,contract,显著强于基准,95.97,0.0,defense_first,stand_aside,exit_on_invalidation,100,67,0.5476,0.2918,invalid,contract,显著强于基准,87.76,0.0,True,True,False,False,True,buy_looked_good_then_broke
603298.SH,杭叉集团,2025-09-22,2025-09-24,2,100,28.8,29.56,76.0,0.0264,confirmation_needed,wait_for_confirmation,trim_on_failed_confirmation,100,61,0.5741,0.2087,suspicious,contract,显著强于基准,96.41,0.0,high_quality_continuation,buy_on_pullback,hold_above_support,100,65,0.8513,0.2841,valid,neutral,略强于基准,120.13,0.2,False,True,False,True,False,other
601717.SH,中创智领,2025-09-25,2025-09-26,1,100,25.85,24.88,-97.0,-0.0375,confirmation_needed,wait_for_confirmation,trim_on_failed_confirmation,100,63,0.6045,0.1811,suspicious,expand,显著强于基准,97.45,0.0,momentum_but_heavy_overhead,avoid_chasing,scale_out_into_strength,98,64,0.4825,0.1839,suspicious,neutral,略强于基准,82.25,0.0,True,True,False,False,False,other
300207.SZ,欣旺达,2025-09-26,2025-09-29,3,100,34.06,34.46,40.0,0.0117,high_quality_continuation,buy_on_pullback,hold_above_support,100,54,0.9485,0.2343,valid,neutral,显著强于基准,140.85,0.2,high_quality_continuation,buy_on_pullback,hold_above_support,100,54,0.9504,0.2294,valid,neutral,显著强于基准,141.04,0.2,False,True,True,True,False,other
601598.SH,中国外运,2025-09-22,2025-09-29,7,500,7.1,6.51,-295.0,-0.0831,high_quality_continuation,buy_on_pullback,hold_above_support,100,53,0.7248,0.1793,valid,neutral,显著强于基准,119.48,0.2,confirmation_needed,wait_for_confirmation,trim_on_failed_confirmation,80,65,0.5901,0.208,suspicious,neutral,与基准大体同步,74.01,0.0,True,True,True,True,False,system_stayed_positive_but_loss
002202.SZ,金风科技,2025-10-10,2025-10-13,3,200,15.86,16.98,224.0,0.0706,confirmation_needed,wait_for_confirmation,trim_on_failed_confirmation,100,59,0.6045,0.2117,valid,neutral,显著强于基准,101.45,0.0,confirmation_needed,wait_for_confirmation,trim_on_failed_confirmation,100,61,0.6053,0.2132,valid,neutral,显著强于基准,99.53,0.0,False,True,False,True,False,other
000426.SZ,兴业银锡,2025-10-10,2025-10-13,3,100,36.1,37.5,140.0,0.0388,high_quality_continuation,buy_on_pullback,hold_above_support,100,67,0.6351,0.273,suspicious,expand,显著强于基准,96.51,0.0,high_quality_continuation,buy_on_pullback,hold_above_support,100,67,0.6387,0.2582,valid,expand,显著强于基准,96.87,0.0,False,True,True,True,False,other
603156.SH,养元饮品,2025-10-13,2025-10-14,1,100,31.91,30.28,-163.0,-0.0511,defense_first,stand_aside,exit_on_invalidation,100,82,0.6013,0.2861,invalid,neutral,显著强于基准,78.13,0.0,defense_first,stand_aside,exit_on_invalidation,100,83,0.5872,0.2917,invalid,neutral,略强于基准,75.72,0.0,True,False,False,False,True,other
600021.SH,上海电力,2025-10-13,2025-10-14,1,100,24.03,22.19,-184.0,-0.0766,defense_first,stand_aside,exit_on_invalidation,100,76,0.4814,0.3262,invalid,neutral,显著强于基准,72.14,0.0,momentum_but_heavy_overhead,avoid_chasing,scale_out_into_strength,66,79,0.35,0.3471,invalid,neutral,略弱于基准,22.0,0.0,True,False,False,False,False,other
002202.SZ,金风科技,2025-10-14,2025-10-15,1,200,16.48,16.67,38.0,0.0115,confirmation_needed,wait_for_confirmation,trim_on_failed_confirmation,100,62,0.5916,0.2166,suspicious,expand,显著强于基准,97.16,0.0,confirmation_needed,wait_for_confirmation,trim_on_failed_confirmation,100,60,0.5963,0.2133,suspicious,neutral,显著强于基准,99.63,0.0,False,True,False,True,False,other
600489.SH,中金黄金,2025-10-13,2025-10-15,2,100,25.75,25.33,-42.0,-0.0163,confirmation_needed,wait_for_confirmation,trim_on_failed_confirmation,100,62,0.5834,0.2239,valid,expand,显著强于基准,96.34,0.0,confirmation_needed,wait_for_confirmation,trim_on_failed_confirmation,100,62,0.5801,0.2133,suspicious,neutral,显著强于基准,96.01,0.0,True,True,False,True,False,system_stayed_positive_but_loss
601615.SH,明阳智能,2025-10-14,2025-10-15,1,200,16.56,16.57,2.0,0.0006,confirmation_needed,wait_for_confirmation,trim_on_failed_confirmation,100,70,0.617,0.2605,suspicious,neutral,显著强于基准,91.7,0.0,defense_first,stand_aside,exit_on_invalidation,100,75,0.6003,0.2717,invalid,contract,显著强于基准,85.03,0.0,False,True,False,False,True,other
601699.SH,潞安环能,2025-10-17,2025-10-20,3,200,15.45,16.2,150.0,0.0485,defense_first,stand_aside,exit_on_invalidation,91,66,0.405,0.2495,invalid,neutral,显著强于基准,65.5,0.0,defense_first,stand_aside,exit_on_invalidation,100,58,0.5364,0.2057,valid,neutral,显著强于基准,95.64,0.0,False,False,False,False,True,other
000933.SZ,神火股份,2025-10-16,2025-10-20,4,100,22.41,22.8,39.0,0.0174,confirmation_needed,wait_for_confirmation,trim_on_failed_confirmation,100,62,0.5743,0.2643,suspicious,contract,显著强于基准,95.43,0.0,confirmation_needed,wait_for_confirmation,trim_on_failed_confirmation,100,62,0.5754,0.2722,suspicious,neutral,显著强于基准,95.54,0.0,False,True,False,True,False,other
600515.SH,海南机场,2025-10-22,2025-10-23,1,800,4.63,4.53,-80.0,-0.0216,defense_first,stand_aside,exit_on_invalidation,100,68,0.5554,0.2566,invalid,contract,显著强于基准,87.54,0.0,defense_first,stand_aside,exit_on_invalidation,100,67,0.5502,0.2598,invalid,contract,显著强于基准,88.02,0.0,True,False,False,False,True,other
600871.SH,石化油服,2025-10-23,2025-10-24,1,1500,2.49,2.41,-120.0,-0.0321,defense_first,stand_aside,exit_on_invalidation,100,73,0.4659,0.3119,suspicious,expand,显著强于基准,73.59,0.0,defense_first,stand_aside,exit_on_invalidation,100,74,0.4699,0.3216,suspicious,neutral,显著强于基准,72.99,0.0,True,False,False,False,True,other
601608.SH,中信重工,2025-10-23,2025-10-24,1,500,7.23,6.86,-185.0,-0.0512,confirmation_needed,wait_for_confirmation,trim_on_failed_confirmation,100,79,0.5582,0.2888,suspicious,expand,显著强于基准,76.82,0.0,confirmation_needed,wait_for_confirmation,trim_on_failed_confirmation,100,80,0.5562,0.2956,suspicious,expand,显著强于基准,75.62,0.0,True,True,False,True,False,system_stayed_positive_but_loss
000027.SZ,深圳能源,2025-10-24,2025-10-27,3,500,7.24,7.24,0.0,0.0,defense_first,stand_aside,exit_on_invalidation,94,66,0.5384,0.2495,suspicious,expand,显著强于基准,81.84,0.0,defense_first,stand_aside,exit_on_invalidation,90,66,0.5323,0.2525,suspicious,neutral,略强于基准,77.23,0.0,False,False,False,False,True,other
600629.SH,华建集团,2025-10-22,2025-10-28,6,100,36.89,24.17,-1272.0,-0.3448,confirmation_needed,wait_for_confirmation,trim_on_failed_confirmation,100,69,0.9541,0.2939,suspicious,contract,显著强于基准,126.41,0.0,high_quality_continuation,buy_on_pullback,hold_above_support,87,95,0.7873,0.3216,valid,expand,与基准大体同步,70.73,0.0,True,True,False,True,False,system_stayed_positive_but_loss
601898.SH,中煤能源,2025-10-17,2025-10-29,12,200,13.33,13.8,127.2,0.0353,defense_first,stand_aside,exit_on_invalidation,100,72,0.4744,0.3624,suspicious,expand,显著强于基准,75.44,0.0,high_quality_continuation,buy_on_pullback,hold_above_support,100,56,0.9164,0.212,valid,neutral,略强于基准,135.64,0.2,False,False,False,True,False,other
002532.SZ,天山铝业,2025-10-24,2025-10-29,5,200,13.28,13.77,98.0,0.0369,high_quality_continuation,buy_on_pullback,hold_above_support,100,59,0.8378,0.286,valid,expand,显著强于基准,124.78,0.2,high_quality_continuation,buy_on_pullback,hold_above_support,100,62,0.835,0.2712,valid,neutral,显著强于基准,121.5,0.2,False,True,True,True,False,other
000807.SZ,云铝股份,2025-10-27,2025-10-29,2,100,23.19,23.51,64.0,0.0138,confirmation_needed,wait_for_confirmation,trim_on_failed_confirmation,100,59,0.5795,0.2822,valid,expand,显著强于基准,98.95,0.0,high_quality_continuation,buy_on_pullback,hold_above_support,100,63,0.8221,0.2717,valid,neutral,显著强于基准,119.21,0.2,False,True,False,True,False,other
600549.SH,厦门钨业,2025-10-29,2025-10-31,2,100,37.55,35.56,-199.0,-0.053,confirmation_needed,wait_for_confirmation,trim_on_failed_confirmation,100,68,0.5685,0.2532,suspicious,neutral,显著强于基准,88.85,0.0,defense_first,stand_aside,exit_on_invalidation,100,72,0.5564,0.2483,invalid,contract,显著强于基准,83.64,0.0,True,True,False,False,True,buy_looked_good_then_broke
601600.SH,中国铝业,2025-10-30,2025-11-03,4,300,10.31,10.14,-51.0,-0.0165,confirmation_needed,wait_for_confirmation,trim_on_failed_confirmation,100,57,0.5939,0.2127,valid,neutral,显著强于基准,102.39,0.0,confirmation_needed,wait_for_confirmation,trim_on_failed_confirmation,100,57,0.5809,0.2171,valid,neutral,显著强于基准,101.09,0.0,True,True,False,True,False,system_stayed_positive_but_loss
601611.SH,中国核建,2025-10-31,2025-11-03,3,200,13.3,13.28,-4.0,-0.0015,confirmation_needed,wait_for_confirmation,trim_on_failed_confirmation,100,68,0.5757,0.2151,suspicious,neutral,略强于基准,89.57,0.0,defense_first,stand_aside,exit_on_invalidation,92,79,0.4862,0.2287,invalid,contract,与基准大体同步,61.62,0.0,True,True,False,False,True,buy_looked_good_then_broke
600885.SH,宏发股份,2025-11-03,2025-11-05,2,100,30.89,33.51,262.0,0.0848,confirmation_needed,wait_for_confirmation,trim_on_failed_confirmation,100,56,0.6187,0.245,valid,expand,显著强于基准,105.87,0.0,high_quality_continuation,buy_on_pullback,hold_above_support,100,65,0.6247,0.2533,valid,expand,显著强于基准,97.47,0.2,False,True,False,True,False,other
000338.SZ,潍柴动力,2025-11-10,2025-11-12,2,200,18.32,17.85,-94.0,-0.0257,high_quality_continuation,buy_on_pullback,hold_above_support,100,67,0.6483,0.2993,suspicious,neutral,显著强于基准,97.83,0.0,defense_first,stand_aside,exit_on_invalidation,100,68,0.6473,0.3028,invalid,contract,显著强于基准,96.73,0.0,True,True,True,False,True,buy_looked_good_then_broke
601225.SH,陕西煤业,2025-10-17,2025-11-13,27,100,22.5,24.1,160.0,0.0711,confirmation_needed,wait_for_confirmation,trim_on_failed_confirmation,100,59,0.5696,0.2264,suspicious,neutral,显著强于基准,97.96,0.0,confirmation_needed,wait_for_confirmation,trim_on_failed_confirmation,97,64,0.6881,0.4107,suspicious,neutral,与基准大体同步,101.81,0.0,False,True,False,True,False,other
002129.SZ,TCL中环,2025-11-12,2025-11-13,1,300,10.38,10.53,45.0,0.0145,confirmation_needed,wait_for_confirmation,trim_on_failed_confirmation,99,64,0.5295,0.2677,suspicious,neutral,略强于基准,87.95,0.0,high_quality_continuation,buy_on_pullback,hold_above_support,100,56,0.902,0.1743,valid,contract,显著强于基准,134.2,0.2,False,True,False,True,False,other
600039.SH,四川路桥,2025-11-03,2025-11-14,11,300,9.72,9.43,-87.0,-0.0298,high_quality_continuation,buy_on_pullback,hold_above_support,100,58,0.7709,0.2814,valid,expand,显著强于基准,119.09,0.2,defense_first,stand_aside,exit_on_invalidation,99,62,0.8383,0.2286,invalid,contract,与基准大体同步,120.83,0.0,True,True,True,False,True,buy_looked_good_then_broke
601233.SH,桐昆股份,2025-11-13,2025-11-17,4,200,16.0,15.92,-16.0,-0.005,defense_first,stand_aside,exit_on_invalidation,100,66,0.5317,0.3075,suspicious,contract,显著强于基准,87.17,0.0,defense_first,stand_aside,exit_on_invalidation,94,66,0.5307,0.3335,suspicious,neutral,显著强于基准,81.07,0.0,True,False,False,False,True,other
601600.SH,中国铝业,2025-11-13,2025-11-17,4,300,12.14,11.15,-297.0,-0.0815,defense_first,stand_aside,exit_on_invalidation,100,74,0.5021,0.314,suspicious,neutral,显著强于基准,76.21,0.0,defense_first,stand_aside,exit_on_invalidation,86,76,0.3856,0.3292,invalid,neutral,略强于基准,48.56,0.0,True,False,False,False,True,other
600219.SH,南山铝业,2025-11-13,2025-11-17,4,700,5.35,5.11,-168.0,-0.0449,defense_first,stand_aside,exit_on_invalidation,99,72,0.4968,0.2933,suspicious,neutral,显著强于基准,76.68,0.0,defense_first,stand_aside,exit_on_invalidation,82,72,0.3915,0.3344,invalid,contract,略强于基准,49.15,0.0,True,False,False,False,True,other
002064.SZ,华峰化学,2025-12-22,2025-12-24,2,300,10.54,10.55,3.0,0.0009,confirmation_needed,wait_for_confirmation,trim_on_failed_confirmation,100,62,0.558,0.2591,suspicious,neutral,显著强于基准,93.8,0.0,confirmation_needed,wait_for_confirmation,trim_on_failed_confirmation,100,62,0.5762,0.255,suspicious,contract,显著强于基准,95.62,0.0,False,True,False,True,False,other
000657.SZ,中钨高新,2025-12-23,2025-12-24,1,100,31.0,29.32,-168.0,-0.0542,high_quality_continuation,buy_on_pullback,hold_above_support,100,68,0.806,0.2589,valid,neutral,显著强于基准,112.6,0.0,high_quality_continuation,buy_on_pullback,hold_above_support,100,70,0.7724,0.277,valid,neutral,略强于基准,107.24,0.0,True,True,True,True,False,system_stayed_positive_but_loss
600711.SH,盛屯矿业,2025-12-24,2025-12-25,1,200,14.54,14.25,-58.0,-0.0199,defense_first,stand_aside,exit_on_invalidation,100,69,0.4893,0.3984,suspicious,expand,显著强于基准,79.93,0.0,defense_first,stand_aside,exit_on_invalidation,99,68,0.473,0.3972,invalid,contract,显著强于基准,78.3,0.0,True,False,False,False,True,other
600487.SH,亨通光电,2025-12-23,2025-12-26,3,100,26.17,25.38,-79.0,-0.0302,confirmation_needed,wait_for_confirmation,trim_on_failed_confirmation,100,72,0.5476,0.3021,suspicious,neutral,显著强于基准,82.76,0.0,defense_first,stand_aside,exit_on_invalidation,100,75,0.5368,0.3073,invalid,contract,显著强于基准,78.68,0.0,True,True,False,False,True,buy_looked_good_then_broke
002202.SZ,金风科技,2025-12-30,2025-12-31,1,100,19.63,20.29,66.0,0.0336,defense_first,stand_aside,exit_on_invalidation,100,77,0.525,0.3239,suspicious,expand,显著强于基准,75.5,0.0,defense_first,stand_aside,exit_on_invalidation,100,77,0.5348,0.3231,invalid,neutral,显著强于基准,76.48,0.0,False,False,False,False,True,other
002465.SZ,海格通信,2025-12-30,2025-12-31,1,200,15.13,15.75,124.0,0.041,confirmation_needed,wait_for_confirmation,trim_on_failed_confirmation,100,59,0.592,0.1601,valid,expand,显著强于基准,100.2,0.0,confirmation_needed,wait_for_confirmation,trim_on_failed_confirmation,100,59,0.606,0.1553,valid,expand,显著强于基准,101.6,0.0,False,True,False,True,False,other
000959.SZ,首钢股份,2025-12-25,2026-01-06,12,700,4.9,4.91,7.0,0.002,defense_first,stand_aside,exit_on_invalidation,100,65,0.5038,0.3036,suspicious,contract,显著强于基准,85.38,0.0,high_quality_continuation,buy_on_pullback,hold_above_support,100,59,0.7418,0.3238,valid,neutral,与基准大体同步,115.18,0.2,False,False,False,True,False,other
000703.SZ,恒逸石化,2025-12-26,2026-01-06,11,300,9.95,10.7,225.0,0.0754,confirmation_needed,wait_for_confirmation,trim_on_failed_confirmation,100,64,0.6506,0.202,suspicious,contract,显著强于基准,101.06,0.0,high_quality_continuation,buy_on_pullback,hold_above_support,100,64,0.6768,0.1923,suspicious,neutral,显著强于基准,103.68,0.2,False,True,False,True,False,other
600498.SH,烽火通信,2026-01-06,2026-01-07,1,100,34.96,36.8,184.0,0.0526,high_quality_continuation,buy_on_pullback,hold_above_support,100,63,0.9386,0.2116,valid,expand,显著强于基准,130.86,0.2,high_quality_continuation,buy_on_pullback,hold_above_support,100,63,0.9391,0.207,valid,expand,显著强于基准,130.91,0.2,False,True,True,True,False,other
002340.SZ,格林美,2026-01-08,2026-01-09,1,400,8.78,8.75,-12.0,-0.0034,confirmation_needed,wait_for_confirmation,trim_on_failed_confirmation,95,69,0.564,0.3076,suspicious,expand,显著强于基准,82.4,0.0,defense_first,stand_aside,exit_on_invalidation,90,69,0.557,0.3093,invalid,contract,略强于基准,76.7,0.0,True,True,False,False,True,buy_looked_good_then_broke
002532.SZ,天山铝业,2025-12-31,2026-01-09,9,200,16.19,18.07,376.0,0.1161,defense_first,stand_aside,exit_on_invalidation,100,60,0.5876,0.2921,suspicious,neutral,显著强于基准,98.76,0.0,high_quality_continuation,buy_on_pullback,hold_above_support,100,65,0.6353,0.2555,suspicious,neutral,显著强于基准,98.53,0.2,False,False,False,True,False,other
000768.SZ,中航西飞,2026-01-09,2026-01-14,5,100,30.0,28.01,-199.0,-0.0663,high_quality_continuation,buy_on_pullback,hold_above_support,100,57,0.9632,0.145,valid,neutral,显著强于基准,139.32,0.2,high_quality_continuation,buy_on_pullback,hold_above_support,100,61,0.8849,0.1675,suspicious,contract,略强于基准,127.49,0.2,True,True,True,True,False,system_stayed_positive_but_loss
601611.SH,中国核建,2026-01-09,2026-01-14,5,200,18.22,17.93,-58.0,-0.0159,defense_first,stand_aside,exit_on_invalidation,100,75,0.4492,0.3194,suspicious,expand,显著强于基准,69.92,0.0,defense_first,stand_aside,exit_on_invalidation,100,81,0.4397,0.3219,invalid,neutral,显著强于基准,62.97,0.0,True,False,False,False,True,other
600879.SH,航天电子,2026-01-13,2026-01-14,1,100,28.43,29.46,103.0,0.0362,confirmation_needed,wait_for_confirmation,trim_on_failed_confirmation,100,79,0.6178,0.3581,suspicious,expand,显著强于基准,82.78,0.0,confirmation_needed,wait_for_confirmation,trim_on_failed_confirmation,100,79,0.6203,0.3541,valid,expand,显著强于基准,83.03,0.0,False,True,False,True,False,other
601872.SH,招商轮船,2026-01-14,2026-01-15,1,300,11.2,11.37,51.0,0.0152,high_quality_continuation,buy_on_pullback,hold_above_support,100,71,0.6422,0.3072,suspicious,contract,显著强于基准,93.22,0.0,confirmation_needed,wait_for_confirmation,trim_on_failed_confirmation,100,70,0.6574,0.3111,suspicious,contract,显著强于基准,95.74,0.0,False,True,True,True,False,other
600588.SH,用友网络,2026-01-15,2026-01-16,1,200,17.45,16.03,-284.0,-0.0814,high_quality_continuation,buy_on_pullback,hold_above_support,100,70,0.6643,0.2453,suspicious,expand,显著强于基准,96.43,0.0,defense_first,stand_aside,exit_on_invalidation,100,81,0.64,0.2517,invalid,neutral,显著强于基准,83.0,0.0,True,True,True,False,True,buy_looked_good_then_broke
601106.SH,中国一重,2026-01-15,2026-01-19,4,600,5.95,5.12,-498.0,-0.1395,defense_first,stand_aside,exit_on_invalidation,100,82,0.5453,0.3257,invalid,contract,显著强于基准,72.53,0.0,high_quality_continuation,buy_on_pullback,hold_above_support,100,74,0.8495,0.2158,suspicious,contract,与基准大体同步,110.95,0.0,True,False,False,True,False,other
601872.SH,招商轮船,2026-01-16,2026-01-19,3,300,11.17,11.4,69.0,0.0206,confirmation_needed,wait_for_confirmation,trim_on_failed_confirmation,100,71,0.6527,0.322,suspicious,neutral,显著强于基准,94.27,0.0,confirmation_needed,wait_for_confirmation,trim_on_failed_confirmation,100,71,0.6572,0.3456,suspicious,neutral,显著强于基准,94.72,0.0,False,True,False,True,False,other
000338.SZ,潍柴动力,2026-01-19,2026-01-21,2,100,22.6,22.52,-8.0,-0.0035,defense_first,stand_aside,exit_on_invalidation,100,66,0.5291,0.3278,suspicious,expand,显著强于基准,86.91,0.0,defense_first,stand_aside,exit_on_invalidation,100,69,0.5267,0.333,suspicious,neutral,显著强于基准,83.67,0.0,True,False,False,False,True,other
601179.SH,中国西电,2026-01-20,2026-01-22,2,200,15.51,15.37,-28.0,-0.009,confirmation_needed,wait_for_confirmation,trim_on_failed_confirmation,100,73,0.5567,0.348,suspicious,expand,显著强于基准,82.67,0.0,defense_first,stand_aside,exit_on_invalidation,100,74,0.553,0.3599,invalid,neutral,显著强于基准,81.3,0.0,True,True,False,False,True,buy_looked_good_then_broke
002131.SZ,利欧股份,2026-01-15,2026-01-23,8,300,10.26,8.41,-555.0,-0.1803,high_quality_continuation,buy_on_pullback,hold_above_support,100,66,0.6651,0.2968,valid,expand,显著强于基准,100.51,0.0,high_quality_continuation,buy_on_pullback,hold_above_support,100,72,0.8913,0.2422,valid,expand,与基准大体同步,117.13,0.0,True,True,True,True,False,system_stayed_positive_but_loss
000975.SZ,山金国际,2026-01-22,2026-01-23,1,100,34.03,34.46,43.0,0.0126,confirmation_needed,wait_for_confirmation,trim_on_failed_confirmation,100,60,0.5784,0.227,valid,neutral,显著强于基准,97.84,0.0,confirmation_needed,wait_for_confirmation,trim_on_failed_confirmation,100,60,0.595,0.2209,valid,neutral,显著强于基准,99.5,0.0,False,True,False,True,False,other
002064.SZ,华峰化学,2026-01-23,2026-01-26,3,200,12.52,12.5,-4.0,-0.0016,high_quality_continuation,buy_on_pullback,hold_above_support,100,66,0.8576,0.27,valid,expand,显著强于基准,119.76,0.0,high_quality_continuation,buy_on_pullback,hold_above_support,100,66,0.8094,0.2739,suspicious,neutral,与基准大体同步,114.94,0.0,True,True,True,True,False,system_stayed_positive_but_loss
600176.SH,中国巨石,2026-01-22,2026-01-26,4,100,21.2,20.62,-58.0,-0.0274,high_quality_continuation,buy_on_pullback,hold_above_support,100,62,0.6699,0.2378,valid,expand,显著强于基准,104.99,0.2,high_quality_continuation,buy_on_pullback,hold_above_support,100,63,0.6605,0.2331,suspicious,contract,显著强于基准,103.05,0.2,True,True,True,True,False,system_stayed_positive_but_loss
600219.SH,南山铝业,2026-01-21,2026-02-02,12,500,6.52,6.61,45.0,0.0138,high_quality_continuation,buy_on_pullback,hold_above_support,100,62,0.8404,0.2712,suspicious,contract,显著强于基准,122.04,0.2,defense_first,stand_aside,exit_on_invalidation,56,87,0.2694,0.38,suspicious,expand,与基准大体同步,-4.06,0.0,False,True,True,False,True,other
000630.SZ,铜陵有色,2026-01-30,2026-02-03,4,400,8.28,7.86,-168.0,-0.0507,high_quality_continuation,buy_on_pullback,hold_above_support,100,69,0.6574,0.1966,suspicious,neutral,显著强于基准,96.74,0.0,high_quality_continuation,buy_on_pullback,hold_above_support,100,73,0.8551,0.247,valid,expand,显著强于基准,112.51,0.0,True,True,True,True,False,system_stayed_positive_but_loss
600352.SH,浙江龙盛,2026-01-30,2026-02-03,4,200,15.22,14.46,-152.0,-0.0499,high_quality_continuation,buy_on_pullback,hold_above_support,100,58,0.9551,0.1787,valid,expand,显著强于基准,137.51,0.2,high_quality_continuation,buy_on_pullback,hold_above_support,100,71,0.8861,0.218,suspicious,neutral,显著强于基准,117.61,0.0,True,True,True,True,False,system_stayed_positive_but_loss
601212.SH,白银有色,2026-01-30,2026-02-04,5,200,13.69,11.09,-520.0,-0.1899,defense_first,stand_aside,exit_on_invalidation,100,83,0.6298,0.213,invalid,contract,显著强于基准,79.98,0.0,high_quality_continuation,buy_on_pullback,hold_above_support,100,75,0.8426,0.3403,valid,expand,与基准大体同步,109.26,0.0,True,False,False,True,False,other
